message,response
*hello*, Hi there! How can I assist you today?
*hi*, Hello! What can I help you with?
*hey*, Hey there! How's it going?
*good morning*, Good morning! How can I make your day better?
*good afternoon*, Good afternoon! How may I help you?
*good evening*, Good evening! What brings you here?
*sup*, Not much, just here to help! What about you?
*howdy*, Howdy! What can I do for you?
*hi there*, Hi there! Need assistance?
*hey there*, Hey there! How can I help you?

*how are you*, I'm just a bot, but I'm here to help you!
*what's up*, Not much! Just ready to assist you.
*what can you do*, I can help with various tasks. What do you need?
*can you help*, Of course! What do you need assistance with?
*tell me more*, Sure! What would you like to know?
*I need help*, I'm here to assist you. Please share more details.
*thank you*, You're welcome! Happy to help.
*thanks*, No problem! Let me know if you need anything else.
*appreciate it*, Glad I could help! Anything else?
*cool*, Glad you think so! What else can I do for you?

*bye*, Goodbye! Have a great day!
*see you*, See you later! Take care.
*take care*, You too! Stay safe.
*farewell*, Farewell! Until next time.
*good night*, Good night! Rest well.
*later*, Catch you later! Have a good one.
*peace*, Peace! See you next time.
*adios*, Adios! Have a great day.
*I'm done*, Got it! Let me know if you need anything else.
*that's it*, Alright! Feel free to reach out again anytime.

*what is the purpose of*, Understanding the purpose helps in defining clear requirements.
*how can we determine*, By analyzing user needs and stakeholder input.
*why do we need to document*, Documentation ensures clarity and traceability.
*can we define requirements for*, Yes, we can use stakeholder input and project goals.
*what tools are used for*, Tools like JIRA and Trello are commonly used.
*who is responsible for*, Typically, business analysts and project managers.
*when do we gather*, During the early stages of the software development lifecycle.
*where do we store*, In a centralized requirements management system.
*how do we validate*, By reviewing and confirming with stakeholders.
*why is traceability important in*, It ensures that all requirements are fulfilled.
*what are the steps in*, Steps include elicitation, analysis, documentation, and validation.
*why do stakeholders influence*, They are the primary source of requirements.
*how do we prioritize*, By evaluating impact, urgency, and feasibility.
*why should requirements be clear for*, To prevent miscommunication and rework.
*what techniques are useful for*, Techniques like interviews, surveys, and workshops.
*why is elicitation crucial for*, It ensures all necessary information is gathered.
*how do we avoid ambiguity in*, By using precise and consistent language.
*what role do prototypes play in*, They help visualize and refine requirements.
*why should we involve users in*, To ensure the solution meets their needs.
*how does risk analysis relate to*, It identifies potential challenges and mitigation strategies.
*why are functional requirements key to*, They define the core operations of the system.
*how do non-functional requirements affect*, They influence system performance and usability.
*what is the role of diagrams in*, Diagrams help clarify and communicate requirements.
*how does version control help in*, It tracks changes and maintains consistency.
*why are user stories part of*, They provide a clear, user-focused perspective.
*how do we ensure alignment with*, By conducting regular reviews and updates.
*why do use cases matter in*, They outline system interactions and workflows.
*how can we improve collaboration for*, By fostering communication and using collaboration tools.
*why do iterative processes support*, They allow for continuous refinement and feedback.
*how does feedback enhance*, Feedback ensures that requirements align with expectations.

## Gen AI
*What is Generative AI*,"Generative AI refers to algorithms that can generate new content, such as text, images, or music, based on patterns learned from data."
*What is Gen AI*,"Generative AI refers to algorithms that can generate new content, such as text, images, or music, based on patterns learned from data."
*How does Generative AI work*,"Generative AI works by training models on large datasets to learn patterns and then using those patterns to create new, similar content."
*What are the applications of Generative AI*,"Generative AI is used in applications like text generation, image synthesis, music composition, and even drug discovery."
*What is a neural network*,"A neural network is a series of algorithms that attempt to recognize underlying relationships in a set of data through a process that mimics the human brain."
*What is a GAN*,"A GAN, or Generative Adversarial Network, is a type of AI model where two neural networks compete to improve the quality of generated outputs."
*What is a transformer model*,"A transformer model is a type of neural network architecture that uses self-attention mechanisms to process sequential data, like text."
*What is fine-tuning in AI*,"Fine-tuning is the process of taking a pre-trained model and adapting it to a specific task by training it further on a smaller, task-specific dataset."
*What is a language model*,"A language model is a type of AI model trained to predict the next word in a sequence, enabling it to generate coherent text."
*What is unsupervised learning*,"Unsupervised learning is a type of machine learning where the model is trained on data without explicit labels, finding patterns on its own."
*What is supervised learning*,"Supervised learning is a type of machine learning where the model is trained on labeled data, learning to map inputs to outputs."
*What is reinforcement learning*,"Reinforcement learning is a type of machine learning where an agent learns to make decisions by receiving rewards or penalties for actions."
*What is transfer learning*,"Transfer learning is a technique where a model trained on one task is reused as the starting point for a different but related task."
*What is overfitting in AI*,"Overfitting occurs when a model learns the training data too well, including noise, and performs poorly on new, unseen data."
*What is underfitting in AI*,"Underfitting occurs when a model is too simple to capture the underlying patterns in the data, resulting in poor performance."
*What is a loss function*,"A loss function measures how well a model's predictions match the actual data, guiding the training process."
*What is backpropagation*,"Backpropagation is a method used to train neural networks by calculating the gradient of the loss function and adjusting the model's weights."
*What is a hyperparameter*,"A hyperparameter is a setting that controls the training process of a model, such as learning rate or number of layers."
*What is a dataset in AI*,"A dataset is a collection of data used to train, validate, or test an AI model."
*What is data preprocessing*,"Data preprocessing involves cleaning and transforming raw data into a format suitable for training AI models."
*What is feature engineering*,"Feature engineering is the process of selecting and transforming variables in the data to improve model performance."
*What is a convolutional neural network*,"A convolutional neural network (CNN) is a type of neural network designed for processing grid-like data, such as images."
*What is a recurrent neural network*,"A recurrent neural network (RNN) is a type of neural network designed for sequential data, like time series or text."
*What is attention mechanism*,"An attention mechanism allows a model to focus on specific parts of the input when making predictions, improving performance."
*What is a token in NLP*,"A token is a unit of text, such as a word or subword, used as input for natural language processing models."
*What is BERT*,"BERT, or Bidirectional Encoder Representations from Transformers, is a pre-trained language model that understands context in text."
*What is GPT*,"GPT, or Generative Pre-trained Transformer, is a family of language models that generate human-like text."
*What is a chatbot*,"A chatbot is an AI-powered program designed to simulate conversation with human users."
*What is a recommendation system*,"A recommendation system is an AI tool that suggests products, services, or content based on user preferences."
*What is computer vision*,"Computer vision is a field of AI that enables machines to interpret and understand visual information from the world."
*What is natural language processing*,"Natural language processing (NLP) is a field of AI focused on enabling machines to understand and generate human language."
*What is sentiment analysis*,"Sentiment analysis is an NLP technique used to determine the emotional tone behind a piece of text."
*What is text summarization*,"Text summarization is an NLP task that involves condensing a piece of text into a shorter version while retaining key information."
*What is machine translation*,"Machine translation is the use of AI to automatically translate text from one language to another."
*What is image generation*,"Image generation is the process of creating new images using AI models, often based on textual descriptions."
*What is style transfer*,"Style transfer is a technique where the style of one image is applied to another, often using neural networks."
*What is data augmentation*,"Data augmentation is the process of artificially increasing the size of a dataset by applying transformations to existing data."
*What is a benchmark in AI*,"A benchmark is a standard test or dataset used to evaluate the performance of AI models."
*What is a pre-trained model*,"A pre-trained model is an AI model that has already been trained on a large dataset and can be fine-tuned for specific tasks."
*What is zero-shot learning*,"Zero-shot learning is a technique where a model can perform tasks it was never explicitly trained on."
*What is few-shot learning*,"Few-shot learning is a technique where a model learns to perform tasks with very little training data."
*What is self-supervised learning*,"Self-supervised learning is a type of machine learning where the model generates its own labels from the input data."
*What is a latent space*,"A latent space is a compressed representation of data learned by a model, capturing its essential features."
*What is a variational autoencoder*,"A variational autoencoder (VAE) is a type of generative model that learns to encode and decode data into a latent space."
*What is a diffusion model*,"A diffusion model is a type of generative model that creates data by reversing a gradual noise-adding process."
*What is a prompt in AI*,"A prompt is an input given to an AI model to guide its output, often used in text generation tasks."
*What is a temperature parameter*,"The temperature parameter controls the randomness of a model's output, with higher values leading to more diverse results."
*What is top-k sampling*,"Top-k sampling is a decoding strategy where the model randomly selects from the top k most likely next tokens."
*What is beam search*,"Beam search is a decoding strategy that explores multiple sequences simultaneously to find the most likely output."
*What is a language model perplexity*,"Perplexity is a measure of how well a language model predicts a sample, with lower values indicating better performance."
*What is a word embedding*,"A word embedding is a vector representation of a word that captures its meaning and relationships with other words."
*What is a sentence embedding*,"A sentence embedding is a vector representation of a sentence that captures its overall meaning."
*What is a knowledge graph*,"A knowledge graph is a structured representation of knowledge that connects entities and their relationships."
*What is a semantic network*,"A semantic network is a graph-based representation of knowledge that shows relationships between concepts."
*What is a Turing test*,"The Turing test is a measure of a machine's ability to exhibit intelligent behavior indistinguishable from a human."
*What is AI ethics*,"AI ethics is the study of moral issues and decisions related to the development and use of artificial intelligence."
*What is bias in AI*,"Bias in AI refers to unfair or prejudiced outcomes caused by skewed data or flawed algorithms."
*What is fairness in AI*,"Fairness in AI refers to the principle of ensuring that AI systems treat all individuals and groups equitably."
*What is explainability in AI*,"Explainability in AI refers to the ability to understand and interpret the decisions made by AI models."
*What is interpretability in AI*,"Interpretability in AI refers to the degree to which a human can understand the cause of a model's decisions."
*What is a black-box model*,"A black-box model is an AI model whose internal workings are not easily understood or interpretable."
*What is a white-box model*,"A white-box model is an AI model whose internal logic and decision-making process are transparent and interpretable."
*What is adversarial attack*,"An adversarial attack is an attempt to fool an AI model by providing input designed to cause incorrect outputs."
*What is robustness in AI*,"Robustness in AI refers to the ability of a model to perform well under varying conditions or adversarial inputs."
*What is generalization in AI*,"Generalization in AI refers to a model's ability to perform well on new, unseen data beyond its training set."
*What is a training set*,"A training set is the portion of data used to train an AI model."
*What is a validation set*,"A validation set is the portion of data used to tune and evaluate a model during training."
*What is a test set*,"A test set is the portion of data used to evaluate the final performance of a trained model."
*What is cross-validation*,"Cross-validation is a technique for assessing how well a model generalizes by splitting the data into multiple subsets."
*What is a confusion matrix*,"A confusion matrix is a table used to evaluate the performance of a classification model by comparing predictions to actual labels."
*What is precision in AI*,"Precision is a metric that measures the proportion of true positive predictions out of all positive predictions."
*What is recall in AI*,"Recall is a metric that measures the proportion of true positives identified out of all actual positives."
*What is F1 score*,"The F1 score is a metric that combines precision and recall into a single value, balancing both measures."
*What is accuracy in AI*,"Accuracy is a metric that measures the proportion of correct predictions out of all predictions made."
*What is a ROC curve*,"A ROC curve is a graph that shows the performance of a classification model at different thresholds."
*What is AUC*,"AUC, or Area Under the Curve, is a metric that summarizes the performance of a ROC curve."
*What is a gradient in AI*,"A gradient is a vector that points in the direction of the steepest increase of a function, used in optimization."
*What is gradient descent*,"Gradient descent is an optimization algorithm used to minimize a function by iteratively moving in the direction of the negative gradient."
*What is stochastic gradient descent*,"Stochastic gradient descent is a variant of gradient descent that uses a single data point to update the model, making it faster but noisier."
*What is a learning rate*,"The learning rate is a hyperparameter that controls how much the model's weights are adjusted during training."
*What is momentum in optimization*,"Momentum is a technique used in optimization to accelerate gradient descent by adding a fraction of the previous update."
*What is regularization in AI*,"Regularization is a technique used to prevent overfitting by adding a penalty for complex models."
*What is L1 regularization*,"L1 regularization adds a penalty equal to the absolute value of the coefficients, encouraging sparsity."
*What is L2 regularization*,"L2 regularization adds a penalty equal to the square of the coefficients, discouraging large weights."
*What is dropout in neural networks*,"Dropout is a regularization technique where random neurons are ignored during training to prevent overfitting."
*What is batch normalization*,"Batch normalization is a technique used to stabilize and speed up the training of neural networks by normalizing inputs."
*What is an epoch in training*,"An epoch is a single pass through the entire training dataset during the training process."
*What is a batch in training*,"A batch is a subset of the training data used to update the model's weights in a single step."
*What is a mini-batch in training*,"A mini-batch is a small subset of the training data used in stochastic gradient descent."
*What is early stopping*,"Early stopping is a technique where training is halted once the model's performance on the validation set stops improving."
*What is a callback in training*,"A callback is a function that can be executed at specific points during the training process to modify behavior."
*What is a loss curve*,"A loss curve is a graph that shows how the loss function changes over time during training."
*What is a learning curve*,"A learning curve is a graph that shows how model performance improves with more training data or epochs."
*What is a confusion matrix*,"A confusion matrix is a table used to evaluate the performance of a classification model by comparing predictions to actual labels."
*What is precision in AI*,"Precision is a metric that measures the proportion of true positive predictions out of all positive predictions."
*What is recall in AI*,"Recall is a metric that measures the proportion of true positives identified out of all actual positives."
*What is F1 score*,"The F1 score is a metric that combines precision and recall into a single value, balancing both measures."
*What is accuracy in AI*,"Accuracy is a metric that measures the proportion of correct predictions out of all predictions made."
*What is a ROC curve*,"A ROC curve is a graph that shows the performance of a classification model at different thresholds."
*What is AUC*,"AUC, or Area Under the Curve, is a metric that summarizes the performance of a ROC curve."
*What is a gradient in AI*,"A gradient is a vector that points in the direction of the steepest increase of a function, used in optimization."
*What is gradient descent*,"Gradient descent is an optimization algorithm used to minimize a function by iteratively moving in the direction of the negative gradient."
*What is stochastic gradient descent*,"Stochastic gradient descent is a variant of gradient descent that uses a single data point to update the model, making it faster but noisier."
*What is a learning rate*,"The learning rate is a hyperparameter that controls how much the model's weights are adjusted during training."
*What is momentum in optimization*,"Momentum is a technique used in optimization to accelerate gradient descent by adding a fraction of the previous update."
*What is regularization in AI*,"Regularization is a technique used to prevent overfitting by adding a penalty for complex models."
*What is L1 regularization*,"L1 regularization adds a penalty equal to the absolute value of the coefficients, encouraging sparsity."
*What is L2 regularization*,"L2 regularization adds a penalty equal to the square of the coefficients, discouraging large weights."
*What is dropout in neural networks*,"Dropout is a regularization technique where random neurons are ignored during training to prevent overfitting."
*What is batch normalization*,"Batch normalization is a technique used to stabilize and speed up the training of neural networks by normalizing inputs."
*What is an epoch in training*,"An epoch is a single pass through the entire training dataset during the training process."
*What is a batch in training*,"A batch is a subset of the training data used to update the model's weights in a single step."
*What is a mini-batch in training*,"A mini-batch is a small subset of the training data used in stochastic gradient descent."
*What is early stopping*,"Early stopping is a technique where training is halted once the model's performance on the validation set stops improving."
*What is a callback in training*,"A callback is a function that can be executed at specific points during the training process to modify behavior."
*What is a loss curve*,"A loss curve is a graph that shows how the loss function changes over time during training."
*What is a learning curve*,"A learning curve is a graph that shows how model performance improves with more training data or epochs."
*What is a confusion matrix*,"A confusion matrix is a table used to evaluate the performance of a classification model by comparing predictions to actual labels."
*What is precision in AI*,"Precision is a metric that measures the proportion of true positive predictions out of all positive predictions."
*What is recall in AI*,"Recall is a metric that measures the proportion of true positives identified out of all actual positives."
*What is F1 score*,"The F1 score is a metric that combines precision and recall into a single value, balancing both measures."
*What is accuracy in AI*,"Accuracy is a metric that measures the proportion of correct predictions out of all predictions made."
*What is a ROC curve*,"A ROC curve is a graph that shows the performance of a classification model at different thresholds."
*What is AUC*,"AUC, or Area Under the Curve, is a metric that summarizes the performance of a ROC curve."
*What is a gradient in AI*,"A gradient is a vector that points in the direction of the steepest increase of a function, used in optimization."
*What is gradient descent*,"Gradient descent is an optimization algorithm used to minimize a function by iteratively moving in the direction of the negative gradient."
*What is stochastic gradient descent*,"Stochastic gradient descent is a variant of gradient descent that uses a single data point to update the model, making it faster but noisier."
*What is a learning rate*,"The learning rate is a hyperparameter that controls how much the model's weights are adjusted during training."
*What is momentum in optimization*,"Momentum is a technique used in optimization to accelerate gradient descent by adding a fraction of the previous update."
*What is regularization in AI*,"Regularization is a technique used to prevent overfitting by adding a penalty for complex models."
*What is L1 regularization*,"L1 regularization adds a penalty equal to the absolute value of the coefficients, encouraging sparsity."
*What is L2 regularization*,"L2 regularization adds a penalty equal to the square of the coefficients, discouraging large weights."
*What is dropout in neural networks*,"Dropout is a regularization technique where random neurons are ignored during training to prevent overfitting."
*What is batch normalization*,"Batch normalization is a technique used to stabilize and speed up the training of neural networks by normalizing inputs."
*What is an epoch in training*,"An epoch is a single pass through the entire training dataset during the training process."
*What is a batch in training*,"A batch is a subset of the training data used to update the model's weights in a single step."
*What is a mini-batch in training*,"A mini-batch is a small subset of the training data used in stochastic gradient descent."
*What is early stopping*,"Early stopping is a technique where training is halted once the model's performance on the validation set stops improving."
*What is a callback in training*,"A callback is a function that can be executed at specific points during the training process to modify behavior."
*What is a loss curve*,"A loss curve is a graph that shows how the loss function changes over time during training."
*What is a learning curve*,"A learning curve is a graph that shows how model performance improves with more training data or epochs."
*What is a confusion matrix*,"A confusion matrix is a table used to evaluate the performance of a classification model by comparing predictions to actual labels."
*What is precision in AI*,"Precision is a metric that measures the proportion of true positive predictions out of all positive predictions."
*What is recall in AI*,"Recall is a metric that measures the proportion of true positives identified out of all actual positives."
*What is F1 score*,"The F1 score is a metric that combines precision and recall into a single value, balancing both measures."
*What is accuracy in AI*,"Accuracy is a metric that measures the proportion of correct predictions out of all predictions made."
*What is a ROC curve*,"A ROC curve is a graph that shows the performance of a classification model at different thresholds."
*What is AUC*,"AUC, or Area Under the Curve, is a metric that summarizes the performance of a ROC curve."
*What is a gradient in AI*,"A gradient is a vector that points in the direction of the steepest increase of a function, used in optimization."
*What is gradient descent*,"Gradient descent is an optimization algorithm used to minimize a function by iteratively moving in the direction of the negative gradient."
*What is stochastic gradient descent*,"Stochastic gradient descent is a variant of gradient descent that uses a single data point to update the model, making it faster but noisier."
*What is a learning rate*,"The learning rate is a hyperparameter that controls how much the model's weights are adjusted during training."
*What is momentum in optimization*,"Momentum is a technique used in optimization to accelerate gradient descent by adding a fraction of the previous update."
*What is regularization in AI*,"Regularization is a technique used to prevent overfitting by adding a penalty for complex models."
*What is L1 regularization*,"L1 regularization adds a penalty equal to the absolute value of the coefficients, encouraging sparsity."
*What is L2 regularization*,"L2 regularization adds a penalty equal to the square of the coefficients, discouraging large weights."
*What is dropout in neural networks*,"Dropout is a regularization technique where random neurons are ignored during training to prevent overfitting."
*What is batch normalization*,"Batch normalization is a technique used to stabilize and speed up the training of neural networks by normalizing inputs."
*What is an epoch in training*,"An epoch is a single pass through the entire training dataset during the training process."
*What is a batch in training*,"A batch is a subset of the training data used to update the model's weights in a single step."
*What is a mini-batch in training*,"A mini-batch is a small subset of the training data used in stochastic gradient descent."
*What is early stopping*,"Early stopping is a technique where training is halted once the model's performance on the validation set stops improving."
*What is a callback in training*,"A callback is a function that can be executed at specific points during the training process to modify behavior."
*What is a loss curve*,"A loss curve is a graph that shows how the loss function changes over time during training."
*What is a learning curve*,"A learning curve is a graph that shows how model performance improves with more training data or epochs."
*What is a confusion matrix*,"A confusion matrix is a table used to evaluate the performance of a classification model by comparing predictions to actual labels."
*What is precision in AI*,"Precision is a metric that measures the proportion of true positive predictions out of all positive predictions."
*What is recall in AI*,"Recall is a metric that measures the proportion of true positives identified out of all actual positives."
*What is F1 score*,"The F1 score is a metric that combines precision and recall into a single value, balancing both measures."
*What is accuracy in AI*,"Accuracy is a metric that measures the proportion of correct predictions out of all predictions made."
*What is a ROC curve*,"A ROC curve is a graph that shows the performance of a classification model at different thresholds."
*What is AUC*,"AUC, or Area Under the Curve, is a metric that summarizes the performance of a ROC curve."
*What is a gradient in AI*,"A gradient is a vector that points in the direction of the steepest increase of a function, used in optimization."
*What is gradient descent*,"Gradient descent is an optimization algorithm used to minimize a function by iteratively moving in the direction of the negative gradient."
*What is stochastic gradient descent*,"Stochastic gradient descent is a variant of gradient descent that uses a single data point to update the model, making it faster but noisier."
*What is a learning rate*,"The learning rate is a hyperparameter that controls how much the model's weights are adjusted during training."
*What is momentum in optimization*,"Momentum is a technique used in optimization to accelerate gradient descent by adding a fraction of the previous update."
*What is regularization in AI*,"Regularization is a technique used to prevent overfitting by adding a penalty for complex models."
*What is L1 regularization*,"L1 regularization adds a penalty equal to the absolute value of the coefficients, encouraging sparsity."
*What is L2 regularization*,"L2 regularization adds a penalty equal to the square of the coefficients, discouraging large weights."
*What is dropout in neural networks*,"Dropout is a regularization technique where random neurons are ignored during training to prevent overfitting."
*What is batch normalization*,"Batch normalization is a technique used to stabilize and speed up the training of neural networks by normalizing inputs."
*What is an epoch in training*,"An epoch is a single pass through the entire training dataset during the training process."
*What is a batch in training*,"A batch is a subset of the training data used to update the model's weights in a single step."
*What is a mini-batch in training*,"A mini-batch is a small subset of the training data used in stochastic gradient descent."
*What is early stopping*,"Early stopping is a technique where training is halted once the model's performance on the validation set stops improving."
*What is a callback in training*,"A callback is a function that can be executed at specific points during the training process to modify behavior."
*What is a loss curve*,"A loss curve is a graph that shows how the loss function changes over time during training."
*What is a learning curve*,"A learning curve is a graph that shows how model performance improves with more training data or epochs."
*What is a confusion matrix*,"A confusion matrix is a table used to evaluate the performance of a classification model by comparing predictions to actual labels."
*What is precision in AI*,"Precision is a metric that measures the proportion of true positive predictions out of all positive predictions."
*What is recall in AI*,"Recall is a metric that measures the proportion of true positives identified out of all actual positives."
*What is F1 score*,"The F1 score is a metric that combines precision and recall into a single value, balancing both measures."
*What is accuracy in AI*,"Accuracy is a metric that measures the proportion of correct predictions out of all predictions made."
*What is a ROC curve*,"A ROC curve is a graph that shows the performance of a classification model at different thresholds."
*What is AUC*,"AUC, or Area Under the Curve, is a metric that summarizes the performance of a ROC curve."
*What is a gradient in AI*,"A gradient is a vector that points in the direction of the steepest increase of a function, used in optimization."
*What is gradient descent*,"Gradient descent is an optimization algorithm used to minimize a function by iteratively moving in the direction of the negative gradient."
*What is stochastic gradient descent*,"Stochastic gradient descent is a variant of gradient descent that uses a single data point to update the model, making it faster but noisier."
*What is a learning rate*,"The learning rate is a hyperparameter that controls how much the model's weights are adjusted during training."
*What is momentum in optimization*,"Momentum is a technique used in optimization to accelerate gradient descent by adding a fraction of the previous update."
*What is regularization in AI*,"Regularization is a technique used to prevent overfitting by adding a penalty for complex models."
*What is L1 regularization*,"L1 regularization adds a penalty equal to the absolute value of the coefficients, encouraging sparsity."
*What is L2 regularization*,"L2 regularization adds a penalty equal to the square of the coefficients, discouraging large weights."
*What is dropout in neural networks*,"Dropout is a regularization technique where random neurons are ignored during training to prevent overfitting."
*What is batch normalization*,"Batch normalization is a technique used to stabilize and speed up the training of neural networks by normalizing inputs."
*What is an epoch in training*,"An epoch is a single pass through the entire training dataset during the training process."
*What is a batch in training*,"A batch is a subset of the training data used to update the model's weights in a single step."
*What is a mini-batch in training*,"A mini-batch is a small subset of the training data used in stochastic gradient descent."
*What is early stopping*,"Early stopping is a technique where training is halted once the model's performance on the validation set stops improving."
*What is a callback in training*,"A callback is a function that can be executed at specific points during the training process to modify behavior."
*What is a loss curve*,"A loss curve is a graph that shows how the loss function changes over time during training."
*What is a learning curve*,"A learning curve is a graph that shows how model performance improves with more training data or epochs."
*What is a confusion matrix*,"A confusion matrix is a table used to evaluate the performance of a classification model by comparing predictions to actual labels."
*What is precision in AI*,"Precision is a metric that measures the proportion of true positive predictions out of all positive predictions."
*What is recall in AI*,"Recall is a metric that measures the proportion of true positives identified out of all actual positives."
*What is F1 score*,"The F1 score is a metric that combines precision and recall into a single value, balancing both measures."
*What is accuracy in AI*,"Accuracy is a metric that measures the proportion of correct predictions out of all predictions made."
*What is a ROC curve*,"A ROC curve is a graph that shows the performance of a classification model at different thresholds."
*What is AUC*,"AUC, or Area Under the Curve, is a metric that summarizes the performance of a ROC curve."
*What is a gradient in AI*,"A gradient is a vector that points in the direction of the steepest increase of a function, used in optimization."
*What is gradient descent*,"Gradient descent is an optimization algorithm used to minimize a function by iteratively moving in the direction of the negative gradient."
*What is stochastic gradient descent*,"Stochastic gradient descent is a variant of gradient descent that uses a single data point to update the model, making it faster but noisier."
*What is a learning rate*,"The learning rate is a hyperparameter that controls how much the model's weights are adjusted during training."
*What is momentum in optimization*,"Momentum is a technique used in optimization to accelerate gradient descent by adding a fraction of the previous update."
*What is regularization in AI*,"Regularization is a technique used to prevent overfitting by adding a penalty for complex models."
*What is L1 regularization*,"L1 regularization adds a penalty equal to the absolute value of the coefficients, encouraging sparsity."
*What is L2 regularization*,"L2 regularization adds a penalty equal to the square of the coefficients, discouraging large weights."
*What is dropout in neural networks*,"Dropout is a regularization technique where random neurons are ignored during training to prevent overfitting."
*What is batch normalization*,"Batch normalization is a technique used to stabilize and speed up the training of neural networks by normalizing inputs."
*What is an epoch in training*,"An epoch is a single pass through the entire training dataset during the training process."
*What is a batch in training*,"A batch is a subset of the training data used to update the model's weights in a single step."
*What is a mini-batch in training*,"A mini-batch is a small subset of the training data used in stochastic gradient descent."
*What is early stopping*,"Early stopping is a technique where training is halted once the model's performance on the validation set stops improving."
*What is a callback in training*,"A callback is a function that can be executed at specific points during the training process to modify behavior."
*What is a loss curve*,"A loss curve is a graph that shows how the loss function changes over time during training."
*What is a learning curve*,"A learning curve is a graph that shows how model performance improves with more training data or epochs."
*What is a confusion matrix*,"A confusion matrix is a table used to evaluate the performance of a classification model by comparing predictions to actual labels."
*What is precision in AI*,"Precision is a metric that measures the proportion of true positive predictions out of all positive predictions."
*What is recall in AI*,"Recall is a metric that measures the proportion of true positives identified out of all actual positives."
*What is F1 score*,"The F1 score is a metric that combines precision and recall into a single value, balancing both measures."
*What is accuracy in AI*,"Accuracy is a metric that measures the proportion of correct predictions out of all predictions made."
*What is a ROC curve*,"A ROC curve is a graph that shows the performance of a classification model at different thresholds."
*What is AUC*,"AUC, or Area Under the Curve, is a metric that summarizes the performance of a ROC curve."
*What is a gradient in AI*,"A gradient is a vector that points in the direction of the steepest increase of a function, used in optimization."
*What is gradient descent*,"Gradient descent is an optimization algorithm used to minimize a function by iteratively moving in the direction of the negative gradient."
*What is stochastic gradient descent*,"Stochastic gradient descent is a variant of gradient descent that uses a single data point to update the model, making it faster but noisier."
*What is a learning rate*,"The learning rate is a hyperparameter that controls how much the model's weights are adjusted during training."
*What is momentum in optimization*,"Momentum is a technique used in optimization to accelerate gradient descent by adding a fraction of the previous update."
*What is regularization in AI*,"Regularization is a technique used to prevent overfitting by adding a penalty for complex models."
*What is L1 regularization*,"L1 regularization adds a penalty equal to the absolute value of the coefficients, encouraging sparsity."
*What is L2 regularization*,"L2 regularization adds a penalty equal to the square of the coefficients, discouraging large weights."
*What is dropout in neural networks*,"Dropout is a regularization technique where random neurons are ignored during training to prevent overfitting."
*What is batch normalization*,"Batch normalization is a technique used to stabilize and speed up the training of neural networks by normalizing inputs."
*What is an epoch in training*,"An epoch is a single pass through the entire training dataset during the training process."
*What is a batch in training*,"A batch is a subset of the training data used to update the model's weights in a single step."
*What is a mini-batch in training*,"A mini-batch is a small subset of the training data used in stochastic gradient descent."
*What is early stopping*,"Early stopping is a technique where training is halted once the model's performance on the validation set stops improving."
*What is a callback in training*,"A callback is a function that can be executed at specific points during the training process to modify behavior."
*What is a loss curve*,"A loss curve is a graph that shows how the loss function changes over time during training."
*What is a learning curve*,"A learning curve is a graph that shows how model performance improves with more training data or epochs."
*What is a confusion matrix*,"A confusion matrix is a table used to evaluate the performance of a classification model by comparing predictions to actual labels."
*What is precision in AI*,"Precision is a metric that measures the proportion of true positive predictions out of all positive predictions."
*What is recall in AI*,"Recall is a metric that measures the proportion of true positives identified out of all actual positives."
*What is F1 score*,"The F1 score is a metric that combines precision and recall into a single value, balancing both measures."
*What is accuracy in AI*,"Accuracy is a metric that measures the proportion of correct predictions out of all predictions made."
*What is a ROC curve*,"A ROC curve is a graph that shows the performance of a classification model at different thresholds."
*What is AUC*,"AUC, or Area Under the Curve, is a metric that summarizes the performance of a ROC curve."
*What is a gradient in AI*,"A gradient is a vector that points in the direction of the steepest increase of a function, used in optimization."
*What is gradient descent*,"Gradient descent is an optimization algorithm used to minimize a function by iteratively moving in the direction of the negative gradient."
*What is stochastic gradient descent*,"Stochastic gradient descent is a variant of gradient descent that uses a single data point to update the model, making it faster but noisier."
*What is a learning rate*,"The learning rate is a hyperparameter that controls how much the model's weights are adjusted during training."
*What is momentum in optimization*,"Momentum is a technique used in optimization to accelerate gradient descent by adding a fraction of the previous update."
*What is regularization in AI*,"Regularization is a technique used to prevent overfitting by adding a penalty for complex models."
*What is L1 regularization*,"L1 regularization adds a penalty equal to the absolute value of the coefficients, encouraging sparsity."
*What is L2 regularization*,"L2 regularization adds a penalty equal to the square of the coefficients, discouraging large weights."
*What is dropout in neural networks*,"Dropout is a regularization technique where random neurons are ignored during training to prevent overfitting."
*What is batch normalization*,"Batch normalization is a technique used to stabilize and speed up the training of neural networks by normalizing inputs."
*What is an epoch in training*,"An epoch is a single pass through the entire training dataset during the training process."
*What is a batch in training*,"A batch is a subset of the training data used to update the model's weights in a single step."
*What is a mini-batch in training*,"A mini-batch is a small subset of the training data used in stochastic gradient descent."
*What is early stopping*,"Early stopping is a technique where training is halted once the model's performance on the validation set stops improving."
*What is a callback in training*,"A callback is a function that can be executed at specific points during the training process to modify behavior."
*What is a loss curve*,"A loss curve is a graph that shows how the loss function changes over time during training."
*What is a learning curve*,"A learning curve is a graph that shows how model performance improves with more training data or epochs."
*What is a confusion matrix*,"A confusion matrix is a table used to evaluate the performance of a classification model by comparing predictions to actual labels."


#Internet Of Things(IOT)
*what is iot*,"IoT refers to a network of connected devices that communicate and share data over the internet."
*how does iot work*,"IoT devices collect, transmit, and process data using sensors, connectivity, and cloud computing."
*what are the key components of iot*,"Key components of IoT include sensors, actuators, connectivity, cloud computing, and data analytics."
*what are some common iot devices*,"Common IoT devices include smart home gadgets, wearables, industrial sensors, and connected vehicles."
*how does iot improve daily life*,"IoT enhances daily life through smart homes, health monitoring, and automated systems."
*what is an iot gateway*,"An IoT gateway bridges communication between IoT devices and the cloud or central server."
*how does iot enhance smart homes*,"IoT enables smart homes by automating lighting, security, temperature control, and appliances."
*what are the security concerns of iot*,"IoT security concerns include data breaches, unauthorized access, and unpatched vulnerabilities."
*how does iot impact healthcare*,"IoT improves healthcare through remote monitoring, wearable devices, and predictive analytics."
*what is edge computing in iot*,"Edge computing processes data closer to the source, reducing latency and improving efficiency."
*how does iot contribute to smart cities*,"IoT enables smart cities through intelligent traffic systems, waste management, and energy efficiency."
*what are the communication protocols in iot*,"Common IoT communication protocols include MQTT, CoAP, Bluetooth, Zigbee, and LoRaWAN."
*how does iot help in agriculture*,"IoT optimizes agriculture with smart irrigation, soil monitoring, and automated farming equipment."
*what is the role of ai in iot*,"AI enhances IoT by enabling real-time data analysis, automation, and predictive decision-making."
*what is an actuator in iot*,"An actuator is a device that takes action based on data received from IoT sensors."
*how does iot affect industrial automation*,"IoT enables industrial automation by improving efficiency, predictive maintenance, and remote monitoring."
*what are the challenges of iot implementation*,"IoT challenges include security risks, interoperability, data privacy, and scalability."
*how does iot improve energy management*,"IoT optimizes energy management through smart grids, automated lighting, and real-time monitoring."
*what is the difference between iot and iiot*,"IoT focuses on consumer applications, while IIoT (Industrial IoT) is used in industries for automation and monitoring."
*how do smart sensors work in iot*,"Smart sensors collect data and communicate it to IoT systems for analysis and decision-making."
*how does iot help in supply chain management*,"IoT improves supply chains with real-time tracking, inventory management, and logistics optimization."
*what is the role of cloud computing in iot*,"Cloud computing stores, processes, and analyzes IoT data for better decision-making."
*how does iot improve transportation*,"IoT enhances transportation through smart traffic management, vehicle tracking, and fleet optimization."
*what are digital twins in iot*,"Digital twins are virtual models of physical devices that enable simulation and real-time monitoring."
*how does blockchain enhance iot security*,"Blockchain secures IoT data through decentralized and tamper-resistant transactions."
*what is a smart meter in iot*,"A smart meter tracks energy consumption in real time and helps optimize energy usage."
*how does iot help in predictive maintenance*,"IoT enables predictive maintenance by monitoring equipment health and detecting failures before they occur."
*what is 5g’s role in iot*,"5G enhances IoT by providing faster data transmission, lower latency, and higher device connectivity."
*how does iot impact retail businesses*,"IoT improves retail with smart shelves, automated checkout, and customer behavior analysis."
*what are wearables in iot*,"Wearables are IoT devices like smartwatches and fitness trackers that monitor user activity and health."
*how does iot improve water management*,"IoT optimizes water usage with smart sensors for leak detection, irrigation, and real-time monitoring."
*what is a smart factory*,"A smart factory uses IoT, AI, and automation to enhance production efficiency and quality control."
*how does iot improve workplace safety*,"IoT enhances workplace safety with real-time monitoring, hazard detection, and automated alerts."
*what is fleet management in iot*,"IoT-powered fleet management tracks vehicle location, fuel usage, and driver behavior."
*how does iot impact environmental monitoring*,"IoT helps monitor air quality, water pollution, and climate changes using sensor networks."
*what is a connected vehicle*,"A connected vehicle uses IoT to communicate with other vehicles, infrastructure, and cloud systems."
*how does iot enable smart farming*,"IoT in farming automates irrigation, monitors soil health, and optimizes crop management."
*how does iot impact home security*,"IoT enhances home security with smart locks, cameras, and automated threat detection."
*what is narrowband iot (nbiot)*,"Narrowband IoT is a low-power, wide-area network technology designed for IoT applications."
*how does iot improve air quality monitoring*,"IoT sensors track air pollution levels and provide real-time alerts for better environmental management."
*how does iot enable autonomous vehicles*,"IoT enables autonomous vehicles by integrating sensors, AI, and real-time data analysis."
*how does iot improve disaster management*,"IoT aids disaster response with early warning systems, real-time monitoring, and automated alerts."
*what is remote asset tracking in iot*,"Remote asset tracking monitors the location and status of assets using IoT technologies."
*how does iot enhance smart lighting*,"IoT smart lighting systems adjust brightness, color, and energy use based on real-time data."
*what is an embedded system in iot*,"An embedded system is a dedicated computing device within IoT hardware that processes data."
*how does iot improve logistics*,"IoT optimizes logistics with real-time tracking, automated inventory, and route optimization."
*what is an iot platform*,"An IoT platform provides tools for managing devices, data, and connectivity in IoT applications."
*how does iot support elderly care*,"IoT improves elderly care with health monitoring, emergency alerts, and smart home assistance."
*what is an lpwan in iot*,"A Low-Power Wide-Area Network (LPWAN) is designed for long-range, low-power IoT connectivity."
*how does iot support autonomous drones*,"IoT enables drones to navigate, collect data, and perform automated tasks."
*what is an iot ecosystem*,"An IoT ecosystem consists of interconnected devices, platforms, and applications working together."
*how does iot impact financial services*,"IoT enhances financial services with smart banking, fraud detection, and personalized offers."
*how does iot enhance building management*,"IoT automates lighting, HVAC, and security for efficient building management."
*how does iot support emergency response*,"IoT provides real-time alerts, location tracking, and predictive analysis for emergency management."

#Data Structures
*what is a data structure*,"A data structure is a way of organizing and storing data efficiently."
*how does an array work*,"An array stores elements in contiguous memory locations for fast access."
*what is the difference between an array and a linked list*,"An array has fixed size and contiguous memory, while a linked list has dynamic size and non-contiguous memory."
*what are the types of linked lists*,"Types of linked lists include singly linked list, doubly linked list, and circular linked list."
*what is a stack*,"A stack is a linear data structure that follows Last In First Out (LIFO) order."
*how does a queue work*,"A queue follows First In First Out (FIFO) order for element insertion and removal."
*what is a priority queue*,"A priority queue is a special type of queue where elements are removed based on priority."
*what is a deque*,"A deque (double-ended queue) allows insertion and deletion from both ends."
*what is a hash table*,"A hash table stores key-value pairs and provides fast lookups using a hash function."
*how does a hash function work*,"A hash function converts input data into a fixed-size numerical value used for indexing."
*what are the types of trees in data structures*,"Common types of trees include binary trees, binary search trees, AVL trees, and B-trees."
*what is a binary search tree*,"A binary search tree is a tree where each node has at most two children and follows a sorted order."
*how does a binary tree differ from a binary search tree*,"A binary tree has no ordering constraints, while a binary search tree maintains a sorted structure."
*what is an AVL tree*,"An AVL tree is a self-balancing binary search tree that maintains balanced height."
*what is a red-black tree*,"A red-black tree is a self-balancing binary search tree with color-coded nodes to ensure balance."
*how does a B-tree work*,"A B-tree is a self-balancing search tree commonly used in databases for efficient indexing."
*what is a graph in data structures*,"A graph consists of vertices (nodes) and edges (connections) used to model relationships."
*what is the difference between a directed and an undirected graph*,"A directed graph has edges with directions, while an undirected graph has bidirectional edges."
*what are adjacency matrix and adjacency list*,"An adjacency matrix represents a graph using a 2D array, while an adjacency list uses linked lists."
*what is a spanning tree*,"A spanning tree is a subset of a graph that connects all vertices without cycles."
*how does depth-first search work*,"Depth-first search explores as far as possible along a branch before backtracking."
*how does breadth-first search work*,"Breadth-first search explores all neighboring nodes before moving deeper."
*what is a heap*,"A heap is a specialized tree-based data structure that satisfies the heap property."
*what is a min heap*,"A min heap is a binary heap where the parent node has a smaller value than its children."
*what is a max heap*,"A max heap is a binary heap where the parent node has a greater value than its children."
*what is a trie*,"A trie is a tree-like data structure used for storing strings efficiently."
*how does a disjoint set work*,"A disjoint set (union-find) is a data structure used to track elements partitioned into disjoint sets."
*what is a segment tree*,"A segment tree is used for efficient range queries and updates on an array."
*what is a Fenwick tree*,"A Fenwick tree (binary indexed tree) helps with efficient prefix sum calculations."
*what is a skip list*,"A skip list is a linked list with multiple levels for faster search operations."
*how does a bloom filter work*,"A bloom filter is a probabilistic data structure used for fast set membership checks."
*what is a hash collision*,"A hash collision occurs when two different keys produce the same hash value."
*how does chaining resolve hash collisions*,"Chaining resolves collisions by storing multiple values in a linked list at the same index."
*what is open addressing in hash tables*,"Open addressing handles hash collisions by finding alternative empty slots within the table."
*how does a self-balancing tree work*,"A self-balancing tree maintains height balance after insertions and deletions."
*what is the difference between BFS and DFS*,"BFS explores level by level, while DFS explores depth-first before backtracking."
*how does a priority queue differ from a normal queue*,"A priority queue removes elements based on priority rather than FIFO order."
*what are circular queues*,"A circular queue is a queue that wraps around to utilize unused space efficiently."
*what is the time complexity of inserting into a linked list*,"The time complexity of inserting into a linked list is O(1) at the head and O(n) at the tail."
*what is the time complexity of searching in a binary search tree*,"Searching in a binary search tree has a time complexity of O(log n) in a balanced tree."
*how does hashing improve search efficiency*,"Hashing provides constant-time lookup on average using a hash function."
*what is the difference between a tree and a graph*,"A tree is a special case of a graph with no cycles and a single root node."
*what is topological sorting*,"Topological sorting orders the vertices of a directed acyclic graph (DAG) linearly."
*what is a strongly connected component*,"A strongly connected component in a directed graph is a subset of vertices with paths between all pairs."
*how does Dijkstra's algorithm work*,"Dijkstra's algorithm finds the shortest path from a source node to all other nodes in a weighted graph."
*how does Kruskal's algorithm work*,"Kruskal's algorithm finds a minimum spanning tree using edge sorting and union-find."
*how does Prim's algorithm work*,"Prim's algorithm grows a minimum spanning tree by adding the smallest edge from visited nodes."
*how does Floyd-Warshall algorithm work*,"Floyd-Warshall finds shortest paths between all pairs of vertices in a graph."
*how does Bellman-Ford algorithm work*,"Bellman-Ford finds the shortest path from a source node while handling negative weights."
*what is the traveling salesman problem*,"The traveling salesman problem finds the shortest route visiting all cities exactly once."
*what is dynamic programming in data structures*,"Dynamic programming optimizes recursive problems by storing intermediate results."
*what is memoization*,"Memoization is a technique of storing previously computed results to avoid redundant calculations."
*what is the difference between recursion and iteration*,"Recursion solves problems by calling itself, while iteration uses loops."
*what are amortized time complexities*,"Amortized time complexities average out the cost of operations over multiple executions."
*what is a LRU cache*,"A Least Recently Used (LRU) cache removes the least accessed items when full."
*what is the purpose of garbage collection*,"Garbage collection automatically manages memory by reclaiming unused objects."
*what is tail recursion*,"Tail recursion is a recursive function where the recursive call is the last operation performed."
*what is a binary heap used for*,"A binary heap is used for priority queues, heap sort, and graph algorithms like Dijkstra's."
*what is a balanced tree*,"A balanced tree maintains height balance to ensure efficient insertions, deletions, and searches."

#Quantum Computing
*what is quantum computing*,"Quantum computing is a field of study that uses quantum mechanics to perform computations."
*how does a quantum computer work*,"A quantum computer processes information using qubits that exist in superposition states."
*what is a qubit*,"A qubit is the fundamental unit of quantum information that can represent both 0 and 1 simultaneously."
*what is superposition in quantum computing*,"Superposition allows a qubit to exist in multiple states at the same time."
*how does entanglement work in quantum computing*,"Entanglement links qubits so that the state of one affects the state of the other, regardless of distance."
*what is quantum interference*,"Quantum interference is the phenomenon where probability amplitudes combine to enhance or cancel out outcomes."
*how is a quantum computer different from a classical computer*,"A quantum computer uses qubits and parallelism, while a classical computer uses bits and sequential processing."
*what is a quantum gate*,"A quantum gate manipulates qubits using unitary transformations to perform computations."
*how does quantum parallelism work*,"Quantum parallelism enables a quantum computer to process multiple possibilities at once."
*what are some applications of quantum computing*,"Quantum computing is used in cryptography, optimization, drug discovery, and material science."
*what is quantum supremacy*,"Quantum supremacy is the point where a quantum computer outperforms the most powerful classical computers."
*how does quantum cryptography work*,"Quantum cryptography uses quantum principles to enable secure communication with unbreakable encryption."
*what is Shor's algorithm*,"Shor's algorithm is a quantum algorithm that efficiently factors large numbers, posing a risk to classical encryption."
*what is Grover's algorithm*,"Grover's algorithm provides a quadratic speedup for searching unsorted databases."
*what are quantum circuits*,"Quantum circuits are a sequence of quantum gates that process quantum information."
*what is a Hadamard gate*,"A Hadamard gate creates superposition by transforming qubit states equally between 0 and 1."
*what is a CNOT gate*,"A CNOT (Controlled NOT) gate entangles two qubits by flipping one based on the state of another."
*what are quantum algorithms*,"Quantum algorithms exploit quantum mechanics to solve problems faster than classical algorithms."
*what is a quantum annealer*,"A quantum annealer is a specialized quantum computer designed for optimization problems."
*how does quantum teleportation work*,"Quantum teleportation transfers quantum information using entanglement without physical movement."
*what is quantum decoherence*,"Quantum decoherence occurs when a quantum system loses its quantum properties due to environmental interaction."
*how do quantum states collapse*,"Quantum states collapse when measured, reducing to a single definite state from superposition."
*what is a Bloch sphere*,"A Bloch sphere is a visual representation of qubit states in quantum computing."
*what is quantum tunneling*,"Quantum tunneling is a phenomenon where particles pass through energy barriers they classically shouldn't."
*what is a quantum register*,"A quantum register is a collection of qubits used to store quantum information."
*what is quantum entanglement used for*,"Quantum entanglement is used in secure communication, teleportation, and quantum networking."
*how do quantum computers impact AI*,"Quantum computers accelerate AI by optimizing machine learning algorithms and processing large datasets."
*what is a quantum Fourier transform*,"A quantum Fourier transform is a key component in quantum algorithms for period finding."
*what is a quantum oracle*,"A quantum oracle is a black-box function used to encode problem solutions in quantum algorithms."
*how does quantum measurement work*,"Quantum measurement collapses qubit states into classical 0 or 1 values."
*what is a quantum error correction code*,"Quantum error correction protects quantum data from decoherence and noise."
*how does a quantum annealer differ from a universal quantum computer*,"A quantum annealer solves optimization problems, while a universal quantum computer executes general quantum algorithms."
*what is a quantum bit flip error*,"A quantum bit flip error occurs when a qubit state changes from 0 to 1 or vice versa due to noise."
*what is a quantum phase flip error*,"A quantum phase flip error alters the relative phase of a qubit without changing its amplitude."
*what is the No-Cloning theorem*,"The No-Cloning theorem states that quantum information cannot be copied exactly."
*what is a topological qubit*,"A topological qubit is a robust qubit design that reduces errors by using exotic quantum states."
*how do quantum sensors work*,"Quantum sensors use quantum mechanics to achieve high precision measurements in various fields."
*what is quantum key distribution*,"Quantum key distribution enables secure encryption by detecting eavesdroppers using quantum principles."
*how do superconducting qubits work*,"Superconducting qubits use Josephson junctions to create and manipulate quantum states."
*what is a quantum dot*,"A quantum dot is a nanoscale semiconductor that can represent a qubit in quantum computing."
*how does a trapped ion quantum computer work*,"A trapped ion quantum computer uses charged atoms confined by electromagnetic fields as qubits."
*what is a photonic quantum computer*,"A photonic quantum computer processes quantum information using light particles (photons)."
*what is a quantum phase estimation algorithm*,"A quantum phase estimation algorithm determines the phase of eigenvalues in quantum systems."
*how does quantum annealing solve optimization problems*,"Quantum annealing finds the global minimum of a function by leveraging quantum tunneling."
*what is a variational quantum algorithm*,"A variational quantum algorithm combines quantum computing with classical optimization techniques."
*how does hybrid quantum computing work*,"Hybrid quantum computing integrates classical and quantum resources for problem-solving."
*what is quantum supremacy vs quantum advantage*,"Quantum supremacy proves a quantum computer outperforms classical ones, while quantum advantage means practical usefulness."
*what is quantum speedup*,"Quantum speedup refers to the acceleration of computations achieved by quantum algorithms."
*how does IBM's quantum computer work*,"IBM's quantum computer uses superconducting qubits and cloud-based access for quantum experiments."
*how does Google's quantum computer work*,"Google's quantum computer Sycamore demonstrated quantum supremacy by solving a complex problem faster than classical computers."
*what is quantum coherence*,"Quantum coherence is the ability of qubits to maintain quantum properties over time."
*what is quantum phase kickback*,"Quantum phase kickback occurs when phase changes propagate through a quantum circuit."
*how does a quantum walk algorithm work*,"A quantum walk algorithm generalizes random walks to quantum systems for faster problem-solving."
*what is a Clifford gate*,"A Clifford gate is a type of quantum gate used in stabilizer quantum error correction codes."
*how does quantum entanglement enable faster computing*,"Quantum entanglement enables faster computing by linking qubits and reducing communication overhead."
*what is the importance of quantum computing in finance*,"Quantum computing accelerates risk analysis, portfolio optimization, and fraud detection in finance."
*how does quantum computing impact drug discovery*,"Quantum computing simulates molecular structures to accelerate drug development and material discovery."
*what is a hybrid quantum-classical algorithm*,"A hybrid quantum-classical algorithm uses both quantum and classical computations for efficiency."
*how do quantum walks differ from classical random walks*,"Quantum walks use superposition for parallel exploration, while classical walks follow a sequential path."
*what is quantum teleportation used for*,"Quantum teleportation is used for secure communication and quantum networking."
*how does a quantum computer simulate molecules*,"A quantum computer simulates molecules by leveraging quantum mechanics for accurate energy calculations."
*what is quantum state tomography*,"Quantum state tomography reconstructs quantum states by measuring different observables."

